Key Assumptions,
"Scenario: Baseline, Branch: Key Assumptions\Forecast\Outputs\res test\Indian Valley Irrigation",
 ,
Branch,Indian Valley Irrigation (AF)
Oct-23,0
Nov-23,31.5253
Dec-23,45.0743
Jan-24,0
Feb-24,0
Mar-24,0
Apr-24,3097.87
May-24,1382
Jun-24,12420.6
Jul-24,13361.5
Aug-24,11903.9
Sep-24,970.791
Oct-24,381.464
Nov-24,0
Dec-24,0
Jan-25,0
Feb-25,0
Mar-25,0
Apr-25,2954.32
May-25,26113.2
Jun-25,22202.8
Jul-25,19661.7
Aug-25,6403.04
Sep-25,806.717
Oct-25,43.5674
Nov-25,0
Dec-25,0
Jan-26,0
Feb-26,0
Mar-26,0
Apr-26,2144.93
May-26,8299.44
Jun-26,14300.4
Jul-26,14583.1
Aug-26,13889.6
Sep-26,646.391
Sum,175644
